-- phpMyAdmin SQL Dump
-- version 4.7.4
-- https://www.phpmyadmin.net/
--
-- Anamakine: 127.0.0.1
-- Üretim Zamanı: 17 May 2018, 00:13:20
-- Sunucu sürümü: 10.1.29-MariaDB
-- PHP Sürümü: 7.0.26

SET SQL_MODE = "NO_AUTO_VALUE_ON_ZERO";
SET AUTOCOMMIT = 0;
START TRANSACTION;
SET time_zone = "+00:00";


/*!40101 SET @OLD_CHARACTER_SET_CLIENT=@@CHARACTER_SET_CLIENT */;
/*!40101 SET @OLD_CHARACTER_SET_RESULTS=@@CHARACTER_SET_RESULTS */;
/*!40101 SET @OLD_COLLATION_CONNECTION=@@COLLATION_CONNECTION */;
/*!40101 SET NAMES utf8mb4 */;

--
-- Veritabanı: `arkadasbulmaprojesi`
--

-- --------------------------------------------------------

--
-- Tablo için tablo yapısı `ogrencilistesi`
--

CREATE TABLE `ogrencilistesi` (
  `ogrenciNumarasi` varchar(10) COLLATE utf8_turkish_ci NOT NULL,
  `ogrenciAdSoyad` varchar(50) COLLATE utf8_turkish_ci NOT NULL
) ENGINE=InnoDB DEFAULT CHARSET=utf8 COLLATE=utf8_turkish_ci;

--
-- Tablo döküm verisi `ogrencilistesi`
--

INSERT INTO `ogrencilistesi` (`ogrenciNumarasi`, `ogrenciAdSoyad`) VALUES
('2012123041', 'enes karakoc'),
('2012141020', 'alperen serdar gurbuz'),
('2012141023', 'kemal emre akman'),
('2013123023', 'gozde arslanhan'),
('2013123033', 'murat can albayraklioglu'),
('2013123041', 'oner dereli'),
('2013123043', 'atahan Duman'),
('2013141030', 'emre kopuz'),
('2013141045', 'omer furkan oflaz'),
('2013141054', 'numan sunar'),
('2014123012', 'selman burkac'),
('2014123016', 'zeynep beyaz '),
('2014123020', 'tutku gunduzlu'),
('2014123021', 'melike kocgurbuz'),
('2014123024', 'reyhan unal'),
('2014123028', 'huseyin can kincal'),
('2014123036', 'asim can dastan'),
('2014123041', 'hatice sahin'),
('2014123043', 'sumeyra senol'),
('2014123048', 'merve erbas'),
('2014123056', 'yasin dasbas'),
('2014123062', 'fatma doner'),
('2014123066', 'othman yassin alsabbagh'),
('2014123067', 'unzile doner'),
('2014123070', 'enes yildiz'),
('2014123071', 'erhan bilgin'),
('2014141004', 'anil Gungordu'),
('2014141021', 'sevda parlak'),
('2014141043', 'musa adanur'),
('2014141044', 'kerem tumkaya'),
('2014141052', 'mehmet ocaktan'),
('2014141054', 'cagri ozen'),
('2014141055', 'volkan cizmecioglu'),
('2014141057', 'burhan guven '),
('2014141058', 'murat boyraz'),
('2015123001', 'rumeysa nur kucuk '),
('2015123003', 'ramazan sonmez'),
('2015123006', 'fatih duygu '),
('2015123007', 'fatih celen'),
('2015123009', 'nurgul aldemir'),
('2015123010', 'aslihan hastaoglu'),
('2015123012', 'fatih doganay'),
('2015123014', 'hasan sert'),
('2015123017', 'duygu karakavuk'),
('2015123018', 'rafet burak simsek'),
('2015123019', 'busra demirtas'),
('2015123020', 'omurcan arslan'),
('2015123024', 'erkan ercan'),
('2015123028', 'kader demir '),
('2015123029', 'muhammed yazici'),
('2015123035', 'nilgun canbaz'),
('2015123045', 'celil han karaarslan'),
('2015123049', 'humeyra eslem guler'),
('2015123050', 'halit altun'),
('2015123054', 'emel akkuyu'),
('2015123057', 'mehmet bozkurt'),
('2015123061', 'gokay cimen'),
('2015123062', 'merve Kucukdogru'),
('2015123110', 'mucahid kincir'),
('2015123112', 'busra bacak'),
('2015123114', 'mehmet sait okan'),
('2015141001', 'zehmed zahid karakas'),
('2015141003', 'recep karademir'),
('2015141005', 'hasan kadir demircan'),
('2015141008', 'enes akinci'),
('2015141010', 'efehan altin'),
('2015141014', 'ibrahim kuzik'),
('2015141015', 'muharrem kursun '),
('2015141016', 'ali ozdemir'),
('2015141023', 'ertugrul aksoy'),
('2015141024', 'furkan caner'),
('2015141026', 'mehmet emir aglamaz'),
('2015141028', 'furkan guven'),
('2015141029', 'hamza ceylan'),
('2015141031', 'eyup Baycol'),
('2015141037', 'adem demir'),
('2015141041', 'nisanur candan'),
('2015141046', 'burak yilmazer'),
('2015141047', 'seda tekin'),
('2015141054', 'nurcan kaya'),
('2015141056', 'baris can akdag'),
('2015141057', 'batuhan cam'),
('2015141059', 'aykut tanrikulu'),
('2015141063', 'ertur kisioglu'),
('2015141065', 'omer faruk ozturk'),
('2015141066', 'yasin Kahraman'),
('2015141114', 'esra kose'),
('2016123031', 'funda kizkapan azamet'),
('2016123081', 'suayb simsek'),
('5515123107', 'muhammed tAsbasi');

-- --------------------------------------------------------

--
-- Tablo için tablo yapısı `ogrencinetwork`
--

CREATE TABLE `ogrencinetwork` (
  `ogrenciNo` varchar(10) COLLATE utf8_turkish_ci NOT NULL,
  `arkadas1` varchar(10) COLLATE utf8_turkish_ci DEFAULT NULL,
  `arkadas2` varchar(10) COLLATE utf8_turkish_ci DEFAULT NULL,
  `arkadas3` varchar(10) COLLATE utf8_turkish_ci DEFAULT NULL,
  `arkadas4` varchar(10) COLLATE utf8_turkish_ci DEFAULT NULL,
  `arkadas5` varchar(10) COLLATE utf8_turkish_ci DEFAULT NULL,
  `arkadas6` varchar(10) COLLATE utf8_turkish_ci DEFAULT NULL,
  `arkadas7` varchar(10) COLLATE utf8_turkish_ci DEFAULT NULL,
  `arkadas8` varchar(10) COLLATE utf8_turkish_ci DEFAULT NULL,
  `arkadas9` varchar(10) COLLATE utf8_turkish_ci DEFAULT NULL,
  `arkadas10` varchar(10) COLLATE utf8_turkish_ci DEFAULT NULL
) ENGINE=InnoDB DEFAULT CHARSET=utf8 COLLATE=utf8_turkish_ci;

--
-- Tablo döküm verisi `ogrencinetwork`
--

INSERT INTO `ogrencinetwork` (`ogrenciNo`, `arkadas1`, `arkadas2`, `arkadas3`, `arkadas4`, `arkadas5`, `arkadas6`, `arkadas7`, `arkadas8`, `arkadas9`, `arkadas10`) VALUES
('2015141029', '2015141028', '2015141014', '2015141010', '2015141005', '2015141016', '2015141056', '2015141057', '2015141026', '', ''),
('2015141014', '2015141028', '2015141029', '2015141010', '2015141056', '2015141005', '2015141016', '2015141057', '', '', ''),
('2015141028', '2015141029', '2015141014', '2015141010', '2015141016', '2015141005', '2015141056', '2015141057', '2015141031', '', ''),
('2014123071', '2013123033', '2014123021', '2014123028', '2014123036', '2014123048', '2015141005', '2014141044', '2014123056', '', ''),
('2014123020', '2014123024', '2014123016', '2014123021', '2014123041', '2014123048', '2014123062', '2014123067', '', '', ''),
('2014123056', '2014123036', '2014123070', '2014123012', '2014123071', '2015123019', '2014123028', '', '', '', ''),
('2015141003', '2015141001', '2015141003', '2015141005', '', '', '', '', '', '', ''),
('2015123017', '2015123014', '2015123114', '2015123003', '2015123035', '2015123057', '2015123019', '2015123054', '', '', ''),
('2015123003', '2015123014', '2015123061', '2015123114', '2015123018', '2015123012', '2015123054', '2015123057', '2015123017', '', ''),
('2015123019', '2015123049', '2015123001', '2015123035', '2015123017', '2015123010', '2014123056', '2015123009', '2015123054', '', ''),
('2015123035', '2015123010', '2015123018', '2015123017', '2015123019', '2015123012', '2015123014', '2015123057', '2015123114', '', ''),
('2015123010', '2015123035', '2015123017', '2015123057', '2015123018', '2015123012', '2015123014', '2015141008', '2015123019', '2015123020', '2015123062'),
('2015123020', '2015123045', '2015123017', '2015123024', '2015123035', '2015123029', '', '', '', '', ''),
('2015123110', '2015123003', '2015123012', '2015123050', '2015123061', '2015123018', '2015123014', '', '', '', ''),
('2015123061', '2015123012', '2015123018', '2015123003', '2015123110', '2015123050', '2015123014', '2014123066', '', '', ''),
('2015123045', '2014123066', '2015123020', '2015123024', '2016123081', '2015123006', '2015123114', '2015123014', '2015123061', '2015123110', ''),
('2015123028', '2015123001', '2016123081', '2015141047', '2015141005', '2015141065', '2015123062', '2015123049', '2015123112', '', ''),
('2015141037', '2015141001', '2015141008', '2015141063', '2015141065', '2015141023', '2015141005', '2015141028', '2015141014', '', ''),
('2015123050', '2015123110', '2015123061', '2015123014', '2015123012', '2015123003', '2016123081', '2015123018', '', '', ''),
('2015123024', '2015123045', '2015123020', '2015123054', '2015123112', '2015123017', '', '', '', '', ''),
('2015123012', '2015123018', '2015123061', '2015123035', '2015123014', '2015123003', '2015123110', '2015123114', '2016123081', '', ''),
('2015141066', '2015141010', '2015141014', '2015141015', '2015141016', '', '', '', '', '', ''),
('2013123043', '5515123107', '2013141030', '2013123041', '2013123033', '2015123057', '2014123036', '', '', '', ''),
('2015123001', '2015123049', '2015123062', '2015123019', '2015123009', '2015123010', '2015123035', '2015123003', '2015123017', '', ''),
('2014123024', '2014123020', '2014123048', '2014123021', '2014123016', '2014123043', '2014123028', '2014123071', '', '', ''),
('2015123114', '2015123012', '2015123014', '2015123061', '2015123057', '2015123018', '2015123017', '2015123045', '', '', ''),
('2014141021', '2014141058', '2014141044', '2014123048', '2014123021', '2015141047', '2015141041', '', '', '', ''),
('2014123048', '2014123021', '2014123067', '2014123062', '2014123041', '2015123112', '2014123041', '2014123020', '2014123024', '2014123056', ''),
('2014123021', '2014123048', '2014123028', '2014141021', '2014141058', '2014123071', '2014123062', '2014123067', '2014123041', '', ''),
('2014123016', '2014123021', '2015123112', '2014123041', '2014123067', '2014123062', '2014123048', '2014123043', '2014123020', '', ''),
('2015123054', '2015123009', '2015123019', '2015123017', '2015123045', '2016123081', '2015123001', '2015123049', '', '', ''),
('2015141065', '2013123041', '2013123033', '2015141114', '2016123031', '2015123062', '2015123001', '2015123049', '', '', ''),
('2013141030', '2013123043', '2015123112', '2013123041', '2013141045', '5515123107', '2013141054', '2015123024', '', '', ''),
('2014123062', '2014123067', '2014123041', '2014123048', '2014123043', '2014123016', '2014123021', '', '', '', ''),
('2014141057', '2014141004', '2014141052', '2014141043', '2015141005', '2015141010', '2015141031', '2014141054', '2015141015', '2015141026', ''),
('2015123112', '2014123048', '2014123067', '2014123041', '2014123062', '2014123021', '2014123016', '2015123028', '2015123049', '2014123020', ''),
('2015141063', '2015141037', '2015141001', '2015141005', '2015141010', '2015141008', '2015141028', '2015141003', '2015141029', '', ''),
('2015141001', '2015141003', '2015141005', '2015141008', '2015141015', '2015141037', '2015141063', '2015141024', '', '', ''),
('2015141008', '2015141010', '2015141005', '2015141046', '2015141014', '2015141063', '2015123010', '2015123035', '2015141037', '', ''),
('2016123081', '2015123110', '2015123061', '2015123054', '2015123014', '2015123006', '2015123003', '2015123045', '2015123050', '', ''),
('5515123107', '2013123043', '2013123041', '2014123016', '2014123043', '2015123001', '2015123009', '2015123049', '2015123045', '2013141030', ''),
('2014141043', '2014141004', '2015141010', '2014141004', '2014141057', '2014141058', '2014141054', '2015141031', '2015141015', '2014141044', ''),
('2014141052', '2014141043', '2014141057', '2014141044', '2014141054', '2015141010', '2015141005', '2015141015', '2015141031', '2014141004', ''),
('2014141004', '2015141010', '2014141052', '2014141043', '2015141031', '2014141057', '2014141054', '2015141005', '2015141026', '', ''),
('2013123023', '2013123041', '2013123043', '2015123024', '2015123028', '2015123029', '', '', '', '', ''),
('2012123041', '2014123070', '2015141065', '2015123012', '2015123014', '', '', '', '', '', ''),
('2014141058', '2014141057', '2014141004', '2014141043', '2014141044', '2014141021', '2014123048', '2014123021', '2014141052', '2015141005', '2015141010'),
('2014141054', '2015141031', '2015141015', '2015141026', '2014123071', '2012141020', '2014141055', '2014141043', '2014141057', '', ''),
('2014141055', '2014141054', '2015141023', '2015141037', '2015141026', '', '', '', '', '', ''),
('2015141057', '2015141056', '2015141014', '2015141016', '2015141029', '2015141031', '2015141026', '2015141015', '2015141028', '2015141003', ''),
('2014123028', '2014123012', '2014123016', '2014123021', '2014123071', '2014123067', '2014123036', '2014123041', '', '', ''),
('2015123007', '2015123012', '2015123017', '2016123081', '2015123057', '2015123001', '', '', '', '', ''),
('2014123043', '2014123048', '2014123067', '2014123041', '2014123062', '2015123112', '2014123021', '2014123016', '5515123107', '', ''),
('2015141041', '2015141054', '2015141046', '2015141047', '2015141008', '2015141114', '', '', '', '', ''),
('2015141054', '2015141041', '2015141046', '2015141008', '2015141047', '2015141114', '', '', '', '', ''),
('2015141047', '2015141041', '2015141046', '2015141014', '', '', '', '', '', '', ''),
('2014123067', '2014123062', '2014123041', '2014123048', '2014123021', '2014123016', '2014141057', '2014141004', '2015141010', '2015141005', '2015123112'),
('2014141044', '2014141058', '2014141057', '2014141004', '2014141052', '2014141043', '2014141021', '2014123071', '2014123048', '2014123021', ''),
('2012141020', '2012141023', '2014141054', '2015141031', '2015141015', '2015141026', '2013123033', '2014141055', '', '', ''),
('2015141010', '2015141005', '2015141063', '2015141014', '2015141028', '2014141057', '2015141029', '2014141004', '2014141052', '', ''),
('2015141005', '2015141010', '2015141063', '2015141014', '2014141057', '2015141028', '2015141029', '2014141004', '2014141052', '', ''),
('2013123033', '2015141065', '2014123071', '2014123036', '2015123018', '2014141054', '2012141020', '', '', '', ''),
('2013123041', '2013123033', '2014123071', '2014123036', '2015123018', '2014141054', '2013141030', '2015123112', '2015141065', '', ''),
('2014123066', '2015123020', '2015123024', '2015123029', '', '', '', '', '', '', ''),
('2015141016', '2015141014', '2015141057', '2015141056', '2015141029', '2015141026', '2015141015', '2015141028', '2015141031', '2015141003', ''),
('2015141023', '2015141024', '2015141029', '2015141028', '2015141046', '', '', '', '', '', ''),
('2013141045', '2013141030', '2013123043', '5515123107', '2013141054', '', '', '', '', '', ''),
('2014123041', '2014123067', '2014123062', '2014123021', '2015123112', '2014123016', '2014123043', '2014123020', '2014123024', '', ''),
('2015123009', '2015123054', '2015123019', '2015123001', '2015123045', '2015123049', '2016123081', '2015123017', '', '', ''),
('2015123057', '2015123014', '2013123033', '2015123017', '2015123018', '2015123061', '2015123003', '', '', '', ''),
('2014123036', '2014123056', '2014123012', '2014123071', '2013123033', '2014123070', '2015141065', '', '', '', ''),
('2015141114', '2016123031', '2015141065', '2015141054', '2015141046', '2015141041', '2015123062', '', '', '', ''),
('2014123070', '2014123036', '2014123056', '2014123012', '2014123071', '2014123028', '2014123043', '', '', '', ''),
('2015123062', '2015123049', '2015123001', '2015141114', '2015123019', '2015123112', '2015123009', '2014123067', '', '', ''),
('2015123049', '2015123062', '2015123001', '2015123019', '2015123009', '2015123112', '2015123028', '2015123054', '', '', ''),
('2015123014', '2015123057', '2015123017', '2015123061', '2015123012', '2015123018', '2015123003', '', '', '', ''),
('2012141023', '2012141020', '2014141054', '2015141031', '2015141015', '2015141026', '2013123033', '', '', '', ''),
('2015141046', '2015141041', '2015141054', '2015141023', '2015141015', '2015141047', '2015141008', '', '', '', ''),
('2015123029', '2015123006', '2015123014', '2015123020', '2015123045', '2015123057', '2015123061', '2016123081', '2015123017', '2015123012', ''),
('2015123006', '2015123029', '2015123014', '2015123020', '2015123045', '2015123057', '2015123061', '2016123081', '2015123017', '2015123012', ''),
('2015141024', '2015141014', '2015141028', '2015141029', '2015141015', '2015141031', '', '', '', '', ''),
('2016123031', '2015141114', '2015141065', '2015123112', '2015123001', '2015123049', '2014123041', '2014123043', '2014123062', '', ''),
('2015141056', '2015141003', '2015141057', '2015141016', '2015141028', '2015141026', '2015141031', '2015141029', '2015141014', '2015141015', ''),
('2013141054', '2013141030', '2014141044', '2014141058', '2014141057', '2014141004', '2014141043', '2014141052', '2014141021', '2014123071', ''),
('2015123018', '2015123010', '2015123061', '2015123035', '2015123012', '2015123014', '2015123110', '2015123057', '2015123003', '', ''),
('2014123012', '2014123028', '2014123036', '2014123056', '2014123070', '2014123071', '2014123041', '2014123067', '', '', ''),
('2015141031', '2015141015', '2015141016', '2015141026', '2015141028', '2015141057', '2015141029', '2015141014', '2015141056', '2014141054', ''),
('2015141015', '2015141016', '2015141014', '2015141031', '2015141026', '2015141056', '2015141057', '2015141028', '2015141029', '2014141054', ''),
('2015141059', '2015141066', '2015141065', '2015141063', '2015141057', '2015141056', '2015141054', '', '', '', ''),
('2015141026', '2015141031', '2015141015', '2015141016', '2015141056', '2015141057', '2015141028', '2015141029', '2015141014', '2014141054', '');

-- --------------------------------------------------------

--
-- Tablo için tablo yapısı `ogrenciprofil`
--

CREATE TABLE `ogrenciprofil` (
  `ogrenciNo` varchar(10) COLLATE utf8_turkish_ci NOT NULL,
  `A1` int(2) NOT NULL,
  `A2` int(2) NOT NULL,
  `A3` int(2) NOT NULL,
  `A4` int(2) NOT NULL,
  `A5` int(2) NOT NULL,
  `A6` int(2) NOT NULL,
  `A7` int(2) NOT NULL,
  `A8` int(2) NOT NULL,
  `A9` int(2) NOT NULL,
  `A10` int(2) NOT NULL,
  `A11` int(2) NOT NULL,
  `A12` int(2) NOT NULL,
  `A13` int(2) NOT NULL,
  `A14` int(2) NOT NULL,
  `A15` int(2) NOT NULL
) ENGINE=InnoDB DEFAULT CHARSET=utf8 COLLATE=utf8_turkish_ci;

--
-- Tablo döküm verisi `ogrenciprofil`
--

INSERT INTO `ogrenciprofil` (`ogrenciNo`, `A1`, `A2`, `A3`, `A4`, `A5`, `A6`, `A7`, `A8`, `A9`, `A10`, `A11`, `A12`, `A13`, `A14`, `A15`) VALUES
('2015141029', 7, 9, 5, 8, 1, 10, 10, 3, 1, 8, 9, 5, 0, 7, 0),
('2015141014', 9, 5, 5, 5, 3, 10, 10, 6, 5, 10, 10, 9, 2, 8, 8),
('2015141028', 8, 8, 7, 7, 0, 10, 10, 4, 3, 10, 10, 7, 1, 7, 1),
('2014123071', 8, 10, 8, 0, 0, 1, 3, 2, 1, 6, 3, 2, 2, 10, 3),
('2014123020', 4, 0, 10, 1, 3, 3, 4, 6, 0, 2, 8, 0, 0, 10, 3),
('2014123056', 9, 7, 3, 8, 1, 7, 5, 6, 4, 8, 5, 0, 3, 7, 4),
('2015141003', 6, 7, 8, 5, 2, 2, 2, 8, 4, 8, 6, 2, 5, 3, 6),
('2015123017', 9, 7, 7, 7, 6, 7, 6, 7, 8, 8, 9, 0, 6, 8, 7),
('2015123003', 6, 9, 4, 6, 0, 10, 7, 6, 3, 5, 7, 0, 0, 7, 0),
('2015123019', 10, 3, 5, 8, 0, 0, 0, 10, 8, 7, 7, 0, 0, 8, 10),
('2015123035', 8, 9, 10, 10, 4, 7, 7, 7, 9, 5, 5, 3, 5, 7, 4),
('2015123010', 10, 10, 6, 5, 1, 5, 5, 4, 1, 0, 4, 0, 0, 2, 2),
('2015123020', 9, 6, 10, 7, 10, 2, 2, 6, 5, 10, 6, 4, 3, 8, 8),
('2015123110', 0, 0, 10, 10, 0, 0, 0, 0, 0, 10, 10, 0, 0, 10, 10),
('2015123061', 8, 8, 3, 10, 0, 10, 0, 2, 0, 5, 6, 1, 1, 0, 7),
('2015123045', 5, 8, 9, 8, 9, 0, 6, 4, 6, 10, 5, 0, 9, 9, 4),
('2015123028', 10, 8, 9, 7, 6, 2, 8, 10, 8, 4, 7, 0, 6, 10, 0),
('2015141037', 4, 5, 6, 8, 1, 10, 2, 2, 2, 2, 4, 0, 2, 2, 2),
('2015123050', 8, 7, 5, 0, 0, 4, 1, 6, 3, 5, 5, 0, 1, 3, 0),
('2015123024', 7, 9, 10, 0, 6, 0, 6, 7, 1, 9, 5, 6, 6, 10, 9),
('2015123012', 10, 9, 3, 9, 0, 10, 9, 2, 5, 8, 10, 10, 3, 7, 7),
('2015141066', 9, 5, 8, 10, 0, 9, 5, 2, 0, 7, 9, 0, 1, 1, 10),
('2013123043', 10, 9, 8, 9, 0, 1, 4, 8, 2, 10, 3, 0, 5, 8, 5),
('2015123001', 10, 7, 7, 3, 4, 6, 9, 10, 8, 6, 9, 0, 0, 8, 4),
('2014123024', 6, 6, 10, 7, 9, 5, 3, 8, 7, 5, 2, 0, 6, 8, 10),
('2015123114', 4, 8, 7, 7, 6, 2, 6, 10, 10, 10, 3, 0, 10, 10, 10),
('2014141021', 8, 7, 9, 4, 4, 2, 2, 4, 2, 5, 8, 2, 2, 7, 3),
('2014123048', 10, 10, 7, 10, 6, 2, 0, 5, 0, 4, 5, 1, 0, 2, 10),
('2014123021', 8, 1, 2, 2, 5, 6, 3, 6, 0, 0, 8, 0, 0, 3, 0),
('2014123016', 5, 4, 6, 1, 1, 2, 2, 3, 0, 2, 8, 0, 0, 4, 0),
('2015123054', 9, 9, 9, 5, 0, 1, 2, 10, 2, 0, 5, 0, 6, 10, 0),
('2015141065', 5, 2, 3, 5, 0, 8, 5, 4, 3, 1, 4, 0, 1, 8, 1),
('2013141030', 10, 8, 8, 9, 6, 0, 0, 3, 6, 8, 4, 0, 8, 10, 3),
('2014123062', 3, 6, 2, 4, 0, 3, 3, 3, 4, 1, 2, 0, 5, 6, 5),
('2014141057', 10, 10, 5, 8, 10, 10, 5, 3, 1, 7, 9, 0, 1, 8, 0),
('2015123112', 10, 10, 8, 10, 0, 3, 2, 6, 7, 6, 7, 0, 3, 3, 5),
('2015141063', 2, 0, 5, 10, 0, 7, 3, 8, 8, 3, 1, 0, 3, 0, 3),
('2015141001', 8, 9, 5, 2, 1, 1, 1, 8, 5, 6, 7, 0, 5, 6, 3),
('2015141008', 9, 8, 8, 8, 0, 10, 6, 7, 7, 6, 7, 1, 7, 6, 9),
('2016123081', 2, 10, 8, 8, 3, 8, 3, 8, 9, 6, 2, 0, 2, 9, 0),
('5515123107', 9, 9, 9, 6, 5, 7, 5, 4, 4, 10, 9, 0, 4, 5, 3),
('2014141043', 7, 8, 9, 7, 0, 10, 6, 0, 0, 4, 7, 1, 1, 7, 3),
('2014141052', 10, 10, 10, 10, 4, 10, 10, 3, 2, 10, 10, 2, 2, 6, 0),
('2014141004', 8, 6, 6, 2, 2, 8, 4, 0, 0, 10, 10, 8, 0, 7, 8),
('2013123023', 10, 9, 8, 4, 6, 7, 9, 10, 1, 5, 9, 0, 1, 6, 5),
('2012123041', 8, 8, 8, 6, 4, 8, 4, 6, 5, 7, 6, 0, 4, 8, 3),
('2014141058', 3, 2, 5, 4, 3, 10, 5, 10, 8, 6, 6, 3, 8, 4, 8),
('2014141054', 2, 5, 1, 10, 1, 5, 5, 7, 6, 3, 6, 0, 3, 5, 10),
('2014141055', 6, 8, 6, 1, 4, 5, 2, 4, 0, 8, 2, 1, 0, 4, 2),
('2015141057', 5, 8, 9, 4, 8, 5, 8, 1, 1, 9, 6, 1, 0, 3, 7),
('2014123028', 0, 0, 5, 0, 5, 0, 0, 0, 0, 0, 0, 0, 0, 5, 5),
('2015123007', 7, 7, 6, 3, 1, 9, 9, 6, 7, 8, 7, 1, 5, 5, 3),
('2014123043', 10, 8, 5, 4, 0, 4, 0, 10, 5, 4, 8, 0, 0, 6, 1),
('2015141041', 8, 9, 8, 3, 0, 0, 0, 5, 5, 5, 9, 0, 3, 4, 5),
('2015141054', 7, 4, 5, 7, 3, 3, 4, 6, 6, 2, 9, 0, 1, 1, 0),
('2015141047', 10, 8, 6, 10, 2, 8, 4, 10, 10, 1, 10, 7, 10, 6, 6),
('2014123067', 10, 9, 9, 6, 10, 5, 3, 3, 2, 3, 7, 0, 2, 6, 4),
('2014141044', 10, 9, 8, 5, 6, 10, 10, 5, 2, 3, 7, 10, 3, 8, 7),
('2012141020', 10, 5, 5, 8, 5, 8, 2, 5, 0, 5, 5, 0, 0, 2, 0),
('2015141010', 10, 10, 10, 10, 0, 10, 7, 5, 0, 10, 10, 8, 0, 8, 3),
('2015141005', 10, 7, 5, 9, 7, 4, 4, 9, 10, 5, 10, 1, 10, 1, 8),
('2013123033', 10, 10, 5, 10, 4, 10, 7, 8, 8, 6, 10, 0, 8, 6, 0),
('2013123041', 10, 10, 10, 10, 10, 10, 10, 10, 10, 10, 10, 5, 10, 10, 10),
('2014123066', 10, 10, 10, 5, 8, 3, 8, 2, 2, 9, 10, 1, 1, 7, 8),
('2015141016', 5, 8, 8, 9, 0, 6, 2, 5, 3, 8, 6, 8, 2, 8, 8),
('2015141023', 10, 10, 9, 5, 0, 10, 6, 4, 8, 8, 5, 5, 4, 5, 9),
('2013141045', 10, 10, 10, 7, 3, 7, 10, 3, 5, 10, 6, 3, 3, 7, 9),
('2014123041', 10, 5, 5, 5, 3, 1, 2, 8, 5, 5, 4, 0, 4, 5, 2),
('2015123009', 5, 6, 8, 4, 2, 7, 5, 8, 2, 1, 10, 0, 3, 3, 0),
('2015123057', 7, 10, 6, 5, 1, 5, 4, 3, 2, 9, 7, 6, 4, 8, 0),
('2014123036', 10, 10, 9, 5, 2, 8, 4, 6, 4, 9, 7, 5, 2, 6, 5),
('2015141114', 8, 8, 9, 6, 4, 5, 3, 9, 6, 6, 6, 3, 5, 7, 5),
('2014123070', 8, 8, 6, 7, 2, 8, 8, 8, 6, 8, 7, 0, 4, 8, 0),
('2015123062', 8, 3, 0, 5, 3, 4, 3, 2, 2, 0, 6, 0, 0, 6, 0),
('2015123049', 9, 10, 10, 7, 7, 5, 9, 10, 10, 8, 9, 0, 10, 6, 9),
('2015123014', 7, 10, 9, 7, 4, 7, 6, 3, 7, 8, 10, 5, 5, 8, 5),
('2012141023', 6, 8, 9, 1, 2, 9, 6, 6, 0, 9, 8, 10, 0, 9, 6),
('2015141046', 5, 10, 7, 9, 3, 1, 8, 3, 7, 10, 10, 6, 2, 10, 5),
('2015123029', 10, 9, 5, 9, 8, 10, 5, 6, 8, 10, 10, 0, 9, 8, 7),
('2015123006', 10, 6, 10, 10, 8, 5, 4, 5, 0, 5, 4, 0, 0, 5, 2),
('2015141024', 7, 5, 8, 1, 0, 10, 3, 4, 1, 5, 8, 3, 1, 6, 3),
('2016123031', 10, 9, 0, 0, 5, 0, 5, 10, 5, 0, 3, 0, 10, 8, 8),
('2015141056', 10, 9, 8, 3, 2, 4, 4, 5, 3, 9, 9, 2, 5, 8, 7),
('2013141054', 9, 6, 6, 7, 4, 6, 6, 0, 0, 7, 7, 0, 0, 6, 0),
('2015123018', 7, 0, 0, 5, 0, 7, 2, 3, 2, 10, 6, 7, 1, 9, 3),
('2014123012', 10, 10, 7, 8, 5, 10, 8, 10, 10, 9, 10, 2, 6, 8, 10),
('2015141031', 10, 10, 10, 3, 6, 6, 4, 5, 3, 5, 5, 0, 1, 4, 0),
('2015141015', 7, 7, 5, 5, 5, 5, 2, 3, 1, 3, 3, 0, 0, 3, 0),
('2015141059', 0, 4, 4, 0, 7, 2, 7, 9, 9, 1, 6, 8, 9, 10, 1),
('2015141026', 4, 8, 7, 8, 6, 10, 5, 5, 2, 7, 8, 6, 4, 5, 2);

--
-- Dökümü yapılmış tablolar için indeksler
--

--
-- Tablo için indeksler `ogrencilistesi`
--
ALTER TABLE `ogrencilistesi`
  ADD PRIMARY KEY (`ogrenciNumarasi`);
COMMIT;

/*!40101 SET CHARACTER_SET_CLIENT=@OLD_CHARACTER_SET_CLIENT */;
/*!40101 SET CHARACTER_SET_RESULTS=@OLD_CHARACTER_SET_RESULTS */;
/*!40101 SET COLLATION_CONNECTION=@OLD_COLLATION_CONNECTION */;
